{"mean":{"confidence_interval":{"confidence_level":0.95,"lower_bound":0.022234006217878414,"upper_bound":0.34176918222074554},"point_estimate":0.14194097976968223,"standard_error":0.08810237476429686},"median":{"confidence_interval":{"confidence_level":0.95,"lower_bound":-0.005672627825235837,"upper_bound":0.04899553737783968},"point_estimate":0.02820850100073735,"standard_error":0.016517822903027377}}