{"mean":{"confidence_interval":{"confidence_level":0.95,"lower_bound":-0.23567573813579681,"upper_bound":-0.0688086506396075},"point_estimate":-0.14412390280562826,"standard_error":0.044022060851586754},"median":{"confidence_interval":{"confidence_level":0.95,"lower_bound":-0.03285761318356506,"upper_bound":-0.02012327940609071},"point_estimate":-0.02538365958521749,"standard_error":0.0031300319974057493}}