{"mean":{"confidence_interval":{"confidence_level":0.95,"lower_bound":5060451.323899998,"upper_bound":5097020.755875},"point_estimate":5076523.4629999995,"standard_error":9426.749839004624},"median":{"confidence_interval":{"confidence_level":0.95,"lower_bound":5037545.9,"upper_bound":5064879.15},"point_estimate":5049575.050000001,"standard_error":6846.330769580195},"median_abs_dev":{"confidence_interval":{"confidence_level":0.95,"lower_bound":32419.568844437876,"upper_bound":63347.123205363474},"point_estimate":46584.55138295903,"standard_error":7657.91148153246},"slope":null,"std_dev":{"confidence_interval":{"confidence_level":0.95,"lower_bound":52033.02313029713,"upper_bound":140364.96774990932},"point_estimate":94308.52859165044,"standard_error":27271.799493771137}}