{"mean":{"confidence_interval":{"confidence_level":0.95,"lower_bound":-0.015112207054981616,"upper_bound":0.003997771511685632},"point_estimate":-0.005693917250388925,"standard_error":0.004870148013255501},"median":{"confidence_interval":{"confidence_level":0.95,"lower_bound":-0.004737612844189942,"upper_bound":0.001823155980695157},"point_estimate":-0.0010688333805156658,"standard_error":0.0017825036112390001}}