{"mean":{"confidence_interval":{"confidence_level":0.95,"lower_bound":-0.04844218815883842,"upper_bound":-0.02205185132756482},"point_estimate":-0.0340832917403906,"standard_error":0.006736413663860771},"median":{"confidence_interval":{"confidence_level":0.95,"lower_bound":-0.027210819642425,"upper_bound":-0.022005334862219894},"point_estimate":-0.024153452218358296,"standard_error":0.0014450818698750214}}