{"mean":{"confidence_interval":{"confidence_level":0.95,"lower_bound":0.17491713706783527,"upper_bound":0.7467731723640991},"point_estimate":0.3998184690652149,"standard_error":0.14983393198976613},"median":{"confidence_interval":{"confidence_level":0.95,"lower_bound":0.004671899405119806,"upper_bound":0.027717238261046218},"point_estimate":0.012251489476183153,"standard_error":0.006769398460872699}}