{"mean":{"confidence_interval":{"confidence_level":0.95,"lower_bound":-0.025847742108917018,"upper_bound":-0.011366745802650173},"point_estimate":-0.01843476445638159,"standard_error":0.0036746051296151316},"median":{"confidence_interval":{"confidence_level":0.95,"lower_bound":-0.029224954767965494,"upper_bound":-0.023727855495244587},"point_estimate":-0.026599117923846505,"standard_error":0.0013962174943758588}}