{"mean":{"confidence_interval":{"confidence_level":0.95,"lower_bound":-0.02608535130882416,"upper_bound":-0.01689635656939067},"point_estimate":-0.02183125742868408,"standard_error":0.0023275110104249096},"median":{"confidence_interval":{"confidence_level":0.95,"lower_bound":-0.028583548475112904,"upper_bound":-0.0197399062053108},"point_estimate":-0.024068203853167547,"standard_error":0.002222023333332073}}